frame,x_bz_first,n_bz,n_et
0,0.6521739130434783,15,8
1,0.6666666666666666,18,9
2,0.625,15,9
3,0.6666666666666666,16,8
4,0.6363636363636364,14,8
5,0.6538461538461539,17,9
6,0.6666666666666666,16,8
7,0.6956521739130435,16,7
8,0.7272727272727273,16,6
9,0.6818181818181818,15,7
10,0.7727272727272727,17,5
11,0.7916666666666666,19,5
12,0.8260869565217391,19,4
13,0.8636363636363636,19,3
14,0.8095238095238095,17,4
15,0.8571428571428571,18,3
16,0.8636363636363636,19,3
17,0.8181818181818182,18,4
18,0.8,20,5
19,0.7619047619047619,16,5
20,0.8,16,4
21,0.7727272727272727,17,5
22,0.8095238095238095,17,4
23,0.76,19,6
24,0.7894736842105263,15,4
25,0.8571428571428571,18,3
26,0.8695652173913043,20,3
27,0.8260869565217391,19,4
28,0.8181818181818182,18,4
29,0.8,20,5
30,0.782608695652174,18,5
31,0.7619047619047619,16,5
32,0.7368421052631579,14,5
33,0.8181818181818182,18,4
34,0.75,18,6
35,0.75,18,6
36,0.7619047619047619,16,5
37,0.7619047619047619,16,5
38,0.8095238095238095,17,4
39,0.76,19,6
40,0.75,18,6
41,0.6956521739130435,16,7
42,0.6956521739130435,16,7
43,0.6818181818181818,15,7
44,0.6666666666666666,16,8
45,0.6818181818181818,15,7
46,0.6956521739130435,16,7
47,0.6956521739130435,16,7
48,0.7083333333333334,17,7
49,0.6956521739130435,16,7
50,0.68,17,8
51,0.72,18,7
52,0.6956521739130435,16,7
53,0.6818181818181818,15,7
54,0.6666666666666666,14,7
55,0.6818181818181818,15,7
56,0.7142857142857143,15,6
57,0.6818181818181818,15,7
58,0.7391304347826086,17,6
59,0.7272727272727273,16,6
60,0.7391304347826086,17,6
61,0.76,19,6
62,0.7272727272727273,16,6
63,0.7727272727272727,17,5
64,0.7727272727272727,17,5
65,0.7,14,6
66,0.72,18,7
67,0.6956521739130435,16,7
68,0.8,16,4
69,0.7727272727272727,17,5
70,0.8,16,4
71,0.7222222222222222,13,5
72,0.7777777777777778,14,4
73,0.7727272727272727,17,5
74,0.7727272727272727,17,5
75,0.7727272727272727,17,5
76,0.7727272727272727,17,5
77,0.75,18,6
78,0.7619047619047619,16,5
79,0.8,20,5
80,0.7142857142857143,15,6
81,0.7142857142857143,15,6
82,0.7619047619047619,16,5
83,0.7619047619047619,16,5
84,0.75,15,5
85,0.7142857142857143,15,6
86,0.76,19,6
87,0.782608695652174,18,5
88,0.8,20,5
89,0.7692307692307693,20,6
90,0.7727272727272727,17,5
91,0.782608695652174,18,5
92,0.7692307692307693,20,6
93,0.7692307692307693,20,6
94,0.7692307692307693,20,6
95,0.6666666666666666,16,8
96,0.68,17,8
97,0.72,18,7
98,0.7083333333333334,17,7
99,0.7083333333333334,17,7
100,0.6956521739130435,16,7
101,0.7,14,6
102,0.7083333333333334,17,7
103,0.75,18,6
104,0.6956521739130435,16,7
105,0.7083333333333334,17,7
106,0.7083333333333334,17,7
107,0.72,18,7
108,0.7307692307692307,19,7
109,0.7727272727272727,17,5
110,0.76,19,6
111,0.7619047619047619,16,5
112,0.7916666666666666,19,5
113,0.6956521739130435,16,7
114,0.7391304347826086,17,6
115,0.7083333333333334,17,7
116,0.75,18,6
117,0.7727272727272727,17,5
118,0.7727272727272727,17,5
119,0.7391304347826086,17,6
120,0.7272727272727273,16,6
121,0.7272727272727273,16,6
122,0.68,17,8
123,0.7307692307692307,19,7
124,0.6818181818181818,15,7
125,0.6896551724137931,20,9
126,0.7083333333333334,17,7
127,0.7407407407407407,20,7
128,0.75,18,6
129,0.76,19,6
130,0.6956521739130435,16,7
131,0.6923076923076923,18,8
132,0.72,18,7
133,0.6818181818181818,15,7
134,0.6956521739130435,16,7
135,0.6521739130434783,15,8
136,0.6666666666666666,16,8
137,0.6818181818181818,15,7
138,0.6818181818181818,15,7
139,0.7083333333333334,17,7
140,0.6521739130434783,15,8
141,0.7142857142857143,15,6
142,0.7272727272727273,16,6
143,0.8,16,4
144,0.8421052631578947,16,3
145,0.8260869565217391,19,4
146,0.8,16,4
147,0.7916666666666666,19,5
148,0.7727272727272727,17,5
149,0.7619047619047619,16,5
150,0.8095238095238095,17,4
151,0.7894736842105263,15,4
152,0.8095238095238095,17,4
153,0.6956521739130435,16,7
154,0.7272727272727273,16,6
155,0.7727272727272727,17,5
156,0.782608695652174,18,5
157,0.72,18,7
158,0.7916666666666666,19,5
159,0.8636363636363636,19,3
160,0.9090909090909091,20,2
161,0.8181818181818182,18,4
162,0.875,21,3
163,0.8636363636363636,19,3
164,0.8636363636363636,19,3
165,0.8695652173913043,20,3
166,0.85,17,3
167,0.8181818181818182,18,4
168,0.8636363636363636,19,3
169,0.8333333333333334,20,4
170,0.7727272727272727,17,5
171,0.7619047619047619,16,5
172,0.7692307692307693,20,6
173,0.8,16,4
174,0.8181818181818182,18,4
175,0.85,17,3
176,0.8260869565217391,19,4
177,0.85,17,3
178,0.7619047619047619,16,5
179,0.8181818181818182,18,4
180,0.8181818181818182,18,4
181,0.7916666666666666,19,5
182,0.8333333333333334,20,4
183,0.875,21,3
184,0.8260869565217391,19,4
185,0.8,16,4
186,0.8095238095238095,17,4
187,0.7727272727272727,17,5
188,0.782608695652174,18,5
189,0.782608695652174,18,5
190,0.75,18,6
191,0.75,18,6
192,0.7916666666666666,19,5
193,0.7727272727272727,17,5
194,0.782608695652174,18,5
195,0.7083333333333334,17,7
196,0.72,18,7
197,0.6363636363636364,14,8
198,0.6666666666666666,16,8
199,0.7407407407407407,20,7
200,0.75,18,6
201,0.6956521739130435,16,7
202,0.72,18,7
203,0.75,18,6
204,0.7272727272727273,16,6
205,0.8571428571428571,18,3
206,0.72,18,7
207,0.6818181818181818,15,7
208,0.6,15,10
209,0.625,15,9
210,0.6521739130434783,15,8
211,0.6153846153846154,16,10
212,0.64,16,9
213,0.5416666666666666,13,11
214,0.6818181818181818,15,7
215,0.6190476190476191,13,8
216,0.5416666666666666,13,11
217,0.5555555555555556,15,12
218,0.6153846153846154,16,10
219,0.6666666666666666,18,9
220,0.7083333333333334,17,7
221,0.65,13,7
222,0.6818181818181818,15,7
223,0.6818181818181818,15,7
224,0.7,14,6
225,0.6818181818181818,15,7
226,0.6363636363636364,14,8
227,0.5909090909090909,13,9
228,0.5769230769230769,15,11
229,0.68,17,8
230,0.6666666666666666,16,8
231,0.7619047619047619,16,5
232,0.7894736842105263,15,4
233,0.8888888888888888,16,2
234,0.8095238095238095,17,4
235,0.8571428571428571,18,3
236,0.75,18,6
237,0.782608695652174,18,5
238,0.7391304347826086,17,6
239,0.76,19,6
240,0.8333333333333334,20,4
241,0.8260869565217391,19,4
242,0.8095238095238095,17,4
243,0.7083333333333334,17,7
244,0.6153846153846154,16,10
245,0.72,18,7
246,0.72,18,7
247,0.64,16,9
248,0.6153846153846154,16,10
249,0.5925925925925926,16,11
250,0.6,15,10
251,0.64,16,9
252,0.5833333333333334,14,10
253,0.64,16,9
254,0.625,15,9
255,0.6538461538461539,17,9
256,0.6666666666666666,18,9
257,0.6666666666666666,16,8
258,0.6521739130434783,15,8
259,0.6538461538461539,17,9
260,0.6363636363636364,14,8
261,0.6666666666666666,18,9
262,0.6,15,10
263,0.6538461538461539,17,9
264,0.6666666666666666,20,10
265,0.6153846153846154,16,10
266,0.6538461538461539,17,9
267,0.64,16,9
268,0.64,16,9
269,0.64,16,9
270,0.6666666666666666,18,9
271,0.6666666666666666,18,9
272,0.7727272727272727,17,5
273,0.72,18,7
274,0.6206896551724138,18,11
275,0.6071428571428571,17,11
276,0.6428571428571429,18,10
277,0.625,15,9
278,0.6538461538461539,17,9
279,0.6153846153846154,16,10
280,0.64,16,9
281,0.6923076923076923,18,8
282,0.6,15,10
283,0.625,15,9
284,0.68,17,8
285,0.625,15,9
286,0.6153846153846154,16,10
287,0.5769230769230769,15,11
288,0.56,14,11
289,0.5769230769230769,15,11
290,0.6153846153846154,16,10
291,0.625,15,9
292,0.6538461538461539,17,9
293,0.6521739130434783,15,8
294,0.6521739130434783,15,8
295,0.72,18,7
296,0.6086956521739131,14,9
297,0.6521739130434783,15,8
298,0.5833333333333334,14,10
299,0.5769230769230769,15,11
300,0.5769230769230769,15,11
301,0.625,15,9
302,0.6521739130434783,15,8
303,0.625,15,9
304,0.6666666666666666,18,9
305,0.625,15,9
306,0.6,15,10
307,0.5416666666666666,13,11
308,0.5185185185185185,14,13
309,0.5769230769230769,15,11
310,0.5185185185185185,14,13
311,0.5862068965517241,17,12
312,0.5384615384615384,14,12
313,0.5714285714285714,16,12
314,0.5555555555555556,15,12
315,0.6153846153846154,16,10
316,0.6428571428571429,18,10
317,0.68,17,8
318,0.625,15,9
319,0.5833333333333334,14,10
320,0.48,12,13
321,0.52,13,12
322,0.5,13,13
323,0.5185185185185185,14,13
324,0.48,12,13
325,0.5384615384615384,14,12
326,0.6086956521739131,14,9
327,0.6,15,10
328,0.5925925925925926,16,11
329,0.56,14,11
330,0.6086956521739131,14,9
331,0.625,15,9
332,0.6666666666666666,16,8
333,0.6363636363636364,14,8
334,0.5416666666666666,13,11
335,0.6363636363636364,14,8
336,0.5833333333333334,14,10
337,0.5416666666666666,13,11
338,0.5416666666666666,13,11
339,0.5769230769230769,15,11
340,0.6,15,10
341,0.5384615384615384,14,12
342,0.5,12,12
343,0.52,13,12
344,0.5384615384615384,14,12
345,0.5416666666666666,13,11
346,0.5,11,11
347,0.5238095238095238,11,10
348,0.4782608695652174,11,12
349,0.5454545454545454,12,10
350,0.5,11,11
351,0.5217391304347826,12,11
352,0.5454545454545454,12,10
353,0.5217391304347826,12,11
354,0.4782608695652174,11,12
355,0.4782608695652174,11,12
356,0.44,11,14
357,0.5,12,12
358,0.5384615384615384,14,12
359,0.5416666666666666,13,11
360,0.5416666666666666,13,11
361,0.5217391304347826,12,11
362,0.5217391304347826,12,11
363,0.5714285714285714,12,9
364,0.45454545454545453,10,12
365,0.4782608695652174,11,12
366,0.5217391304347826,12,11
367,0.5714285714285714,12,9
368,0.65,13,7
369,0.5652173913043478,13,10
370,0.5652173913043478,13,10
371,0.5416666666666666,13,11
372,0.5833333333333334,14,10
373,0.5416666666666666,13,11
374,0.6,12,8
375,0.5454545454545454,12,10
376,0.5454545454545454,12,10
377,0.6190476190476191,13,8
378,0.5909090909090909,13,9
379,0.5909090909090909,13,9
380,0.64,16,9
381,0.5652173913043478,13,10
382,0.6086956521739131,14,9
383,0.5454545454545454,12,10
384,0.5,11,11
385,0.5384615384615384,14,12
386,0.5714285714285714,16,12
387,0.6071428571428571,17,11
388,0.5714285714285714,16,12
389,0.5769230769230769,15,11
390,0.56,14,11
391,0.56,14,11
392,0.6206896551724138,18,11
393,0.5185185185185185,14,13
394,0.52,13,12
395,0.5333333333333333,16,14
396,0.5517241379310345,16,13
397,0.5357142857142857,15,13
398,0.5185185185185185,14,13
399,0.5,13,13
400,0.5,13,13
401,0.4583333333333333,11,13
402,0.44,11,14
403,0.5,13,13
404,0.46153846153846156,12,14
405,0.4642857142857143,13,15
406,0.4666666666666667,14,16
407,0.4642857142857143,13,15
408,0.4642857142857143,13,15
409,0.48,12,13
410,0.5185185185185185,14,13
411,0.5,13,13
412,0.5555555555555556,15,12
413,0.5357142857142857,15,13
414,0.52,13,12
415,0.52,13,12
416,0.5925925925925926,16,11
417,0.5769230769230769,15,11
418,0.5833333333333334,14,10
419,0.5172413793103449,15,14
420,0.5185185185185185,14,13
421,0.5185185185185185,14,13
422,0.5416666666666666,13,11
423,0.5416666666666666,13,11
424,0.5833333333333334,14,10
425,0.5217391304347826,12,11
426,0.52,13,12
427,0.52,13,12
428,0.5,13,13
429,0.5,13,13
430,0.5,13,13
431,0.56,14,11
432,0.48,12,13
433,0.5185185185185185,14,13
434,0.56,14,11
435,0.52,13,12
436,0.5,12,12
437,0.44,11,14
438,0.4583333333333333,11,13
439,0.4782608695652174,11,12
440,0.5,12,12
441,0.5172413793103449,15,14
442,0.48,12,13
443,0.42857142857142855,12,16
444,0.4230769230769231,11,15
445,0.5172413793103449,15,14
446,0.48148148148148145,13,14
447,0.3870967741935484,12,19
448,0.46153846153846156,12,14
449,0.4642857142857143,13,15
450,0.4642857142857143,13,15
451,0.52,13,12
452,0.52,13,12
453,0.5,13,13
454,0.48148148148148145,13,14
455,0.46153846153846156,12,14
456,0.5,13,13
457,0.4838709677419355,15,16
458,0.4444444444444444,12,15
459,0.48148148148148145,13,14
460,0.5,13,13
461,0.4838709677419355,15,16
462,0.43333333333333335,13,17
463,0.4827586206896552,14,15
464,0.52,13,12
465,0.4482758620689655,13,16
466,0.56,14,11
467,0.5833333333333334,14,10
468,0.5384615384615384,14,12
469,0.5833333333333334,14,10
470,0.5555555555555556,15,12
471,0.5925925925925926,16,11
472,0.5714285714285714,16,12
473,0.6153846153846154,16,10
474,0.6,15,10
475,0.5925925925925926,16,11
476,0.5357142857142857,15,13
477,0.56,14,11
478,0.48148148148148145,13,14
479,0.4444444444444444,12,15
480,0.5384615384615384,14,12
481,0.5217391304347826,12,11
482,0.5416666666666666,13,11
483,0.52,13,12
484,0.5833333333333334,14,10
485,0.52,13,12
486,0.5769230769230769,15,11
487,0.6,15,10
488,0.5833333333333334,14,10
489,0.5,11,11
490,0.56,14,11
491,0.5769230769230769,15,11
492,0.5185185185185185,14,13
493,0.5416666666666666,13,11
494,0.6086956521739131,14,9
495,0.6086956521739131,14,9
496,0.625,15,9
497,0.6363636363636364,14,8
498,0.6086956521739131,14,9
499,0.6086956521739131,14,9
500,0.46153846153846156,12,14
501,0.4642857142857143,13,15
502,0.5909090909090909,13,9
503,0.6086956521739131,14,9
504,0.5555555555555556,15,12
505,0.5185185185185185,14,13
506,0.52,13,12
507,0.5384615384615384,14,12
508,0.5,11,11
509,0.4444444444444444,12,15
510,0.5,14,14
511,0.5,13,13
512,0.4230769230769231,11,15
513,0.4583333333333333,11,13
514,0.48148148148148145,13,14
515,0.48,12,13
516,0.43478260869565216,10,13
517,0.4230769230769231,11,15
518,0.5,13,13
519,0.48,12,13
520,0.46153846153846156,12,14
521,0.5384615384615384,14,12
522,0.5416666666666666,13,11
523,0.4782608695652174,11,12
524,0.46153846153846156,12,14
525,0.5833333333333334,14,10
526,0.5172413793103449,15,14
527,0.5,13,13
528,0.5384615384615384,14,12
529,0.4583333333333333,11,13
530,0.4583333333333333,11,13
531,0.4782608695652174,11,12
532,0.52,13,12
533,0.46153846153846156,12,14
534,0.46153846153846156,12,14
535,0.4444444444444444,12,15
536,0.375,9,15
537,0.32142857142857145,9,19
538,0.35714285714285715,10,18
539,0.4482758620689655,13,16
540,0.4074074074074074,11,16
541,0.4482758620689655,13,16
542,0.4444444444444444,12,15
543,0.39285714285714285,11,17
544,0.36,9,16
545,0.36,9,16
546,0.36,9,16
547,0.39285714285714285,11,17
548,0.4583333333333333,11,13
549,0.391304347826087,9,14
550,0.38461538461538464,10,16
551,0.48,12,13
552,0.45454545454545453,10,12
553,0.5,11,11
554,0.47619047619047616,10,11
555,0.4166666666666667,10,14
556,0.4782608695652174,11,12
557,0.3333333333333333,10,20
558,0.3448275862068966,10,19
559,0.3076923076923077,8,18
560,0.2692307692307692,7,19
561,0.3103448275862069,9,20
562,0.24,6,19
563,0.36,9,16
564,0.3181818181818182,7,15
565,0.36,9,16
566,0.3333333333333333,8,16
567,0.3333333333333333,9,18
568,0.32142857142857145,9,19
569,0.2857142857142857,8,20
570,0.34615384615384615,9,17
571,0.3793103448275862,11,18
572,0.3793103448275862,11,18
573,0.37037037037037035,10,17
574,0.39285714285714285,11,17
575,0.3793103448275862,11,18
576,0.4074074074074074,11,16
577,0.36666666666666664,11,19
578,0.3225806451612903,10,21
579,0.36666666666666664,11,19
580,0.32142857142857145,9,19
581,0.32142857142857145,9,19
582,0.32142857142857145,9,19
583,0.3448275862068966,10,19
584,0.3103448275862069,9,20
585,0.3103448275862069,9,20
586,0.3103448275862069,9,20
587,0.3793103448275862,11,18
588,0.32142857142857145,9,19
589,0.3103448275862069,9,20
590,0.26666666666666666,8,22
591,0.2903225806451613,9,22
592,0.3448275862068966,10,19
593,0.3333333333333333,9,18
594,0.3548387096774194,11,20
595,0.36666666666666664,11,19
596,0.3,9,21
597,0.36666666666666664,11,19
598,0.34375,11,21
599,0.39285714285714285,11,17
600,0.39285714285714285,11,17
601,0.4090909090909091,9,13
602,0.3333333333333333,9,18
603,0.32142857142857145,9,19
604,0.38461538461538464,10,16
605,0.35714285714285715,10,18
606,0.35714285714285715,10,18
607,0.3793103448275862,11,18
608,0.3793103448275862,11,18
609,0.3793103448275862,11,18
610,0.4,12,18
611,0.46153846153846156,12,14
612,0.43333333333333335,13,17
613,0.4230769230769231,11,15
614,0.4230769230769231,11,15
615,0.4482758620689655,13,16
616,0.5,14,14
617,0.4230769230769231,11,15
618,0.48,12,13
619,0.46153846153846156,12,14
620,0.48148148148148145,13,14
621,0.36,9,16
622,0.34615384615384615,9,17
623,0.4444444444444444,12,15
624,0.4074074074074074,11,16
625,0.39285714285714285,11,17
626,0.46153846153846156,12,14
627,0.4444444444444444,12,15
628,0.4583333333333333,11,13
629,0.4642857142857143,13,15
630,0.48,12,13
631,0.4444444444444444,12,15
632,0.5,13,13
633,0.5,13,13
634,0.46153846153846156,12,14
635,0.46153846153846156,12,14
636,0.34615384615384615,9,17
637,0.3333333333333333,9,18
638,0.3333333333333333,8,16
639,0.4074074074074074,11,16
640,0.4230769230769231,11,15
641,0.44,11,14
642,0.48148148148148145,13,14
643,0.4666666666666667,14,16
644,0.5,14,14
645,0.625,15,9
646,0.5185185185185185,14,13
647,0.48,12,13
648,0.5217391304347826,12,11
649,0.5,13,13
650,0.5833333333333334,14,10
651,0.5925925925925926,16,11
652,0.5714285714285714,16,12
653,0.5925925925925926,16,11
654,0.5357142857142857,15,13
655,0.5769230769230769,15,11
656,0.6296296296296297,17,10
657,0.5666666666666667,17,13
658,0.6666666666666666,18,9
659,0.64,16,9
660,0.5714285714285714,16,12
661,0.6956521739130435,16,7
662,0.6923076923076923,18,8
663,0.7391304347826086,17,6
664,0.6153846153846154,16,10
665,0.5769230769230769,15,11
666,0.5925925925925926,16,11
667,0.5769230769230769,15,11
668,0.6296296296296297,17,10
669,0.6153846153846154,16,10
670,0.6,15,10
671,0.5925925925925926,16,11
672,0.6666666666666666,18,9
673,0.6296296296296297,17,10
674,0.6153846153846154,16,10
675,0.5769230769230769,15,11
676,0.5517241379310345,16,13
677,0.56,14,11
678,0.625,15,9
679,0.6363636363636364,14,8
680,0.625,15,9
681,0.5384615384615384,14,12
682,0.5454545454545454,12,10
683,0.46153846153846156,12,14
684,0.5416666666666666,13,11
685,0.6363636363636364,14,8
686,0.6666666666666666,16,8
687,0.64,16,9
688,0.7083333333333334,17,7
689,0.6818181818181818,15,7
690,0.7391304347826086,17,6
691,0.7391304347826086,17,6
692,0.6521739130434783,15,8
693,0.6666666666666666,16,8
694,0.5925925925925926,16,11
695,0.5714285714285714,16,12
696,0.5555555555555556,15,12
697,0.6086956521739131,14,9
698,0.5652173913043478,13,10
699,0.5652173913043478,13,10
700,0.6521739130434783,15,8
701,0.6,15,10
702,0.56,14,11
703,0.5517241379310345,16,13
704,0.5185185185185185,14,13
705,0.5652173913043478,13,10
706,0.5769230769230769,15,11
707,0.6363636363636364,14,8
708,0.6363636363636364,14,8
709,0.6086956521739131,14,9
710,0.5416666666666666,13,11
711,0.5652173913043478,13,10
712,0.56,14,11
713,0.56,14,11
714,0.5833333333333334,14,10
715,0.5925925925925926,16,11
716,0.52,13,12
717,0.56,14,11
718,0.5833333333333334,14,10
719,0.5416666666666666,13,11
720,0.5416666666666666,13,11
721,0.5454545454545454,12,10
722,0.5416666666666666,13,11
723,0.5416666666666666,13,11
724,0.5769230769230769,15,11
725,0.6153846153846154,16,10
726,0.64,16,9
727,0.64,16,9
728,0.6521739130434783,15,8
729,0.6521739130434783,15,8
730,0.6818181818181818,15,7
731,0.6818181818181818,15,7
732,0.6086956521739131,14,9
733,0.5909090909090909,13,9
734,0.6086956521739131,14,9
735,0.6086956521739131,14,9
736,0.625,15,9
737,0.6538461538461539,17,9
738,0.6666666666666666,16,8
739,0.6666666666666666,16,8
740,0.6923076923076923,18,8
741,0.6521739130434783,15,8
742,0.6521739130434783,15,8
743,0.6538461538461539,17,9
744,0.64,16,9
745,0.6521739130434783,15,8
746,0.68,17,8
747,0.6363636363636364,14,8
748,0.64,16,9
749,0.625,15,9
750,0.68,17,8
751,0.6956521739130435,16,7
752,0.7142857142857143,15,6
753,0.72,18,7
754,0.68,17,8
755,0.75,18,6
756,0.7391304347826086,17,6
757,0.75,18,6
758,0.75,18,6
759,0.6818181818181818,15,7
760,0.7083333333333334,17,7
761,0.6956521739130435,16,7
762,0.6521739130434783,15,8
763,0.6666666666666666,16,8
764,0.6521739130434783,15,8
765,0.625,15,9
766,0.5714285714285714,12,9
767,0.6071428571428571,17,11
768,0.5384615384615384,14,12
769,0.5384615384615384,14,12
770,0.56,14,11
771,0.5925925925925926,16,11
772,0.6,15,10
773,0.6153846153846154,16,10
774,0.5384615384615384,14,12
775,0.5384615384615384,14,12
776,0.56,14,11
777,0.5555555555555556,15,12
778,0.6153846153846154,16,10
779,0.6206896551724138,18,11
780,0.5172413793103449,15,14
781,0.5333333333333333,16,14
782,0.6071428571428571,17,11
783,0.6071428571428571,17,11
784,0.6,15,10
785,0.6296296296296297,17,10
786,0.68,17,8
787,0.6,15,10
788,0.6296296296296297,17,10
789,0.6,15,10
790,0.6,15,10
791,0.6666666666666666,16,8
792,0.6818181818181818,15,7
793,0.6153846153846154,16,10
794,0.6666666666666666,16,8
795,0.5652173913043478,13,10
796,0.6086956521739131,14,9
797,0.6666666666666666,16,8
798,0.6666666666666666,16,8
799,0.7391304347826086,17,6
800,0.6666666666666666,14,7
801,0.72,18,7
802,0.72,18,7
803,0.7391304347826086,17,6
804,0.6956521739130435,16,7
805,0.7272727272727273,16,6
806,0.7083333333333334,17,7
807,0.75,15,5
808,0.782608695652174,18,5
809,0.7272727272727273,16,6
810,0.6666666666666666,14,7
811,0.7142857142857143,15,6
812,0.7272727272727273,16,6
813,0.6818181818181818,15,7
814,0.7272727272727273,16,6
815,0.7272727272727273,16,6
816,0.7407407407407407,20,7
817,0.7142857142857143,20,8
818,0.782608695652174,18,5
819,0.76,19,6
820,0.7083333333333334,17,7
821,0.7307692307692307,19,7
822,0.68,17,8
823,0.7037037037037037,19,8
824,0.72,18,7
825,0.8421052631578947,16,3
826,0.6666666666666666,14,7
827,0.7142857142857143,15,6
828,0.7727272727272727,17,5
829,0.7727272727272727,17,5
830,0.8095238095238095,17,4
831,0.8636363636363636,19,3
832,0.84,21,4
833,0.7916666666666666,19,5
834,0.75,18,6
835,0.6551724137931034,19,10
836,0.6666666666666666,18,9
837,0.782608695652174,18,5
838,0.6923076923076923,18,8
839,0.7727272727272727,17,5
840,0.7083333333333334,17,7
841,0.8181818181818182,18,4
842,0.7727272727272727,17,5
843,0.7916666666666666,19,5
844,0.76,19,6
845,0.7272727272727273,16,6
846,0.75,18,6
847,0.7142857142857143,15,6
848,0.7272727272727273,16,6
849,0.7727272727272727,17,5
850,0.7916666666666666,19,5
851,0.76,19,6
852,0.72,18,7
853,0.72,18,7
854,0.6923076923076923,18,8
855,0.68,17,8
856,0.72,18,7
857,0.7407407407407407,20,7
858,0.7391304347826086,17,6
859,0.7083333333333334,17,7
860,0.75,18,6
861,0.7083333333333334,17,7
862,0.782608695652174,18,5
863,0.782608695652174,18,5
864,0.782608695652174,18,5
865,0.7727272727272727,17,5
866,0.7727272727272727,17,5
867,0.782608695652174,18,5
868,0.8,20,5
869,0.782608695652174,18,5
870,0.75,18,6
871,0.7391304347826086,17,6
872,0.6956521739130435,16,7
873,0.7083333333333334,17,7
874,0.7777777777777778,21,6
875,0.8076923076923077,21,5
876,0.782608695652174,18,5
877,0.8636363636363636,19,3
878,0.72,18,7
879,0.7391304347826086,17,6
880,0.8260869565217391,19,4
881,0.8571428571428571,18,3
882,0.75,18,6
883,0.75,18,6
884,0.782608695652174,18,5
885,0.85,17,3
886,0.8260869565217391,19,4
887,0.75,18,6
888,0.7391304347826086,17,6
889,0.7727272727272727,17,5
890,0.7083333333333334,17,7
891,0.75,18,6
892,0.6923076923076923,18,8
893,0.7083333333333334,17,7
894,0.7272727272727273,16,6
895,0.6521739130434783,15,8
896,0.6521739130434783,15,8
897,0.6521739130434783,15,8
898,0.7083333333333334,17,7
899,0.68,17,8
900,0.6666666666666666,18,9
901,0.7083333333333334,17,7
902,0.68,17,8
903,0.68,17,8
904,0.68,17,8
905,0.68,17,8
906,0.7083333333333334,17,7
907,0.68,17,8
908,0.65,13,7
909,0.6521739130434783,15,8
910,0.6666666666666666,16,8
911,0.6666666666666666,18,9
912,0.6153846153846154,16,10
913,0.6071428571428571,17,11
914,0.64,16,9
915,0.68,17,8
916,0.6818181818181818,15,7
917,0.6842105263157895,13,6
918,0.6,15,10
919,0.7083333333333334,17,7
920,0.7083333333333334,17,7
921,0.6538461538461539,17,9
922,0.6923076923076923,18,8
923,0.7407407407407407,20,7
924,0.7307692307692307,19,7
925,0.7391304347826086,17,6
926,0.782608695652174,18,5
927,0.7727272727272727,17,5
928,0.8181818181818182,18,4
929,0.782608695652174,18,5
930,0.8636363636363636,19,3
931,0.8181818181818182,18,4
932,0.8181818181818182,18,4
933,0.782608695652174,18,5
934,0.75,18,6
935,0.7391304347826086,17,6
936,0.7142857142857143,15,6
937,0.7619047619047619,16,5
938,0.9047619047619048,19,2
939,0.8260869565217391,19,4
940,0.85,17,3
941,0.8,16,4
942,0.7727272727272727,17,5
943,0.8421052631578947,16,3
944,0.8181818181818182,18,4
945,0.76,19,6
946,0.7857142857142857,22,6
947,0.8461538461538461,22,4
948,0.8260869565217391,19,4
949,0.8,20,5
950,0.7916666666666666,19,5
951,0.8571428571428571,18,3
952,0.8260869565217391,19,4
953,0.8695652173913043,20,3
954,0.8636363636363636,19,3
955,0.875,21,3
956,0.875,21,3
957,0.875,21,3
958,0.8636363636363636,19,3
959,0.8571428571428571,18,3
960,0.8095238095238095,17,4
961,0.85,17,3
962,0.8636363636363636,19,3
963,0.9,18,2
964,0.9047619047619048,19,2
965,0.9047619047619048,19,2
966,0.9,18,2
967,0.9,18,2
968,0.84,21,4
969,0.8181818181818182,18,4
970,0.9047619047619048,19,2
971,0.9047619047619048,19,2
972,0.9130434782608695,21,2
973,0.9090909090909091,20,2
974,0.9130434782608695,21,2
975,0.875,21,3
976,0.9090909090909091,20,2
977,0.9047619047619048,19,2
978,0.9047619047619048,19,2
979,0.9047619047619048,19,2
980,0.9090909090909091,20,2
981,0.85,17,3
982,0.9,18,2
983,0.9047619047619048,19,2
984,0.875,21,3
985,0.7391304347826086,17,6
986,0.8,16,4
987,0.7619047619047619,16,5
988,0.782608695652174,18,5
989,0.8,16,4
990,0.7307692307692307,19,7
991,0.76,19,6
992,0.8333333333333334,20,4
993,0.8571428571428571,18,3
994,0.8636363636363636,19,3
995,0.8695652173913043,20,3
996,0.8333333333333334,20,4
997,0.8181818181818182,18,4
998,0.7619047619047619,16,5
999,0.8421052631578947,16,3
1000,0.8421052631578947,16,3
1001,0.8333333333333334,20,4
1002,0.8571428571428571,18,3
1003,0.8636363636363636,19,3
1004,0.9523809523809523,20,1
1005,0.8181818181818182,18,4
1006,0.8636363636363636,19,3
1007,0.8181818181818182,18,4
1008,0.8636363636363636,19,3
1009,0.8571428571428571,18,3
1010,0.8571428571428571,18,3
1011,0.7727272727272727,17,5
1012,0.8095238095238095,17,4
1013,0.75,15,5
1014,0.7142857142857143,15,6
1015,0.6956521739130435,16,7
1016,0.7272727272727273,16,6
1017,0.7777777777777778,14,4
1018,0.7777777777777778,14,4
1019,0.7619047619047619,16,5
1020,0.7619047619047619,16,5
1021,0.782608695652174,18,5
1022,0.7391304347826086,17,6
1023,0.7619047619047619,16,5
1024,0.7368421052631579,14,5
1025,0.6818181818181818,15,7
1026,0.76,19,6
1027,0.6956521739130435,16,7
1028,0.7391304347826086,17,6
1029,0.7272727272727273,16,6
1030,0.6956521739130435,16,7
1031,0.7272727272727273,16,6
1032,0.7142857142857143,15,6
1033,0.75,18,6
1034,0.72,18,7
1035,0.72,18,7
1036,0.72,18,7
1037,0.7083333333333334,17,7
1038,0.7083333333333334,17,7
1039,0.6521739130434783,15,8
1040,0.6956521739130435,16,7
1041,0.7142857142857143,15,6
1042,0.7272727272727273,16,6
1043,0.75,18,6
1044,0.7142857142857143,15,6
1045,0.68,17,8
1046,0.7619047619047619,16,5
1047,0.7619047619047619,16,5
1048,0.75,18,6
1049,0.7916666666666666,19,5
1050,0.6956521739130435,16,7
1051,0.6521739130434783,15,8
1052,0.5833333333333334,14,10
1053,0.6428571428571429,18,10
1054,0.6923076923076923,18,8
1055,0.75,18,6
1056,0.7916666666666666,19,5
1057,0.782608695652174,18,5
1058,0.75,18,6
1059,0.76,19,6
1060,0.8181818181818182,18,4
1061,0.782608695652174,18,5
1062,0.8,16,4
1063,0.72,18,7
1064,0.7407407407407407,20,7
1065,0.72,18,7
1066,0.7391304347826086,17,6
1067,0.8636363636363636,19,3
1068,0.7727272727272727,17,5
1069,0.7391304347826086,17,6
1070,0.7916666666666666,19,5
1071,0.7727272727272727,17,5
1072,0.76,19,6
1073,0.75,18,6
1074,0.7391304347826086,17,6
1075,0.75,18,6
1076,0.76,19,6
1077,0.68,17,8
1078,0.6666666666666666,18,9
1079,0.68,17,8
1080,0.6363636363636364,14,8
1081,0.6521739130434783,15,8
1082,0.6666666666666666,16,8
1083,0.7083333333333334,17,7
1084,0.6818181818181818,15,7
1085,0.6956521739130435,16,7
1086,0.7391304347826086,17,6
1087,0.7391304347826086,17,6
1088,0.7391304347826086,17,6
1089,0.7391304347826086,17,6
1090,0.6818181818181818,15,7
1091,0.6956521739130435,16,7
1092,0.7272727272727273,16,6
1093,0.6818181818181818,15,7
1094,0.7307692307692307,19,7
1095,0.7391304347826086,17,6
1096,0.75,18,6
1097,0.76,19,6
1098,0.7916666666666666,19,5
1099,0.68,17,8
1100,0.68,17,8
1101,0.7307692307692307,19,7
1102,0.7142857142857143,20,8
1103,0.7083333333333334,17,7
1104,0.6538461538461539,17,9
1105,0.7307692307692307,19,7
1106,0.6956521739130435,16,7
1107,0.6818181818181818,15,7
1108,0.75,18,6
1109,0.625,15,9
1110,0.7083333333333334,17,7
1111,0.6923076923076923,18,8
1112,0.7142857142857143,20,8
1113,0.75,18,6
1114,0.64,16,9
1115,0.72,18,7
1116,0.7391304347826086,17,6
1117,0.7391304347826086,17,6
1118,0.7391304347826086,17,6
1119,0.7391304347826086,17,6
1120,0.6538461538461539,17,9
1121,0.6818181818181818,15,7
1122,0.75,18,6
1123,0.75,18,6
1124,0.7916666666666666,19,5
1125,0.7619047619047619,16,5
1126,0.76,19,6
1127,0.7391304347826086,17,6
1128,0.7916666666666666,19,5
1129,0.8181818181818182,18,4
1130,0.7916666666666666,19,5
1131,0.7391304347826086,17,6
1132,0.75,18,6
1133,0.8095238095238095,17,4
1134,0.7391304347826086,17,6
1135,0.782608695652174,18,5
1136,0.8333333333333334,20,4
1137,0.7727272727272727,17,5
1138,0.7619047619047619,16,5
1139,0.76,19,6
1140,0.72,18,7
1141,0.7272727272727273,16,6
1142,0.7727272727272727,17,5
1143,0.8181818181818182,18,4
1144,0.7916666666666666,19,5
1145,0.8076923076923077,21,5
1146,0.782608695652174,18,5
1147,0.8,20,5
1148,0.7916666666666666,19,5
1149,0.8636363636363636,19,3
1150,0.8260869565217391,19,4
1151,0.75,18,6
1152,0.7692307692307693,20,6
1153,0.8076923076923077,21,5
1154,0.75,18,6
1155,0.7391304347826086,17,6
1156,0.75,18,6
1157,0.7407407407407407,20,7
1158,0.8181818181818182,18,4
1159,0.782608695652174,18,5
1160,0.8636363636363636,19,3
1161,0.8260869565217391,19,4
1162,0.8260869565217391,19,4
1163,0.84,21,4
1164,0.8,20,5
1165,0.8695652173913043,20,3
1166,0.8181818181818182,18,4
1167,0.8636363636363636,19,3
1168,0.84,21,4
1169,0.8260869565217391,19,4
1170,0.8333333333333334,20,4
1171,0.84,21,4
1172,0.7727272727272727,17,5
1173,0.782608695652174,18,5
1174,0.8260869565217391,19,4
1175,0.782608695652174,18,5
1176,0.782608695652174,18,5
1177,0.7619047619047619,16,5
1178,0.7391304347826086,17,6
1179,0.782608695652174,18,5
1180,0.8095238095238095,17,4
1181,0.7916666666666666,19,5
1182,0.8181818181818182,18,4
1183,0.7894736842105263,15,4
1184,0.7,14,6
1185,0.75,15,5
1186,0.7727272727272727,17,5
1187,0.782608695652174,18,5
1188,0.7916666666666666,19,5
1189,0.8260869565217391,19,4
1190,0.7727272727272727,17,5
1191,0.782608695652174,18,5
1192,0.7391304347826086,17,6
1193,0.75,18,6
1194,0.7272727272727273,16,6
1195,0.7727272727272727,17,5
1196,0.75,18,6
1197,0.7727272727272727,17,5
1198,0.7391304347826086,17,6
1199,0.782608695652174,18,5
1200,0.76,19,6
1201,0.8181818181818182,18,4
1202,0.7727272727272727,17,5
1203,0.7272727272727273,16,6
1204,0.7083333333333334,17,7
1205,0.75,18,6
1206,0.72,18,7
1207,0.7391304347826086,17,6
1208,0.7272727272727273,16,6
1209,0.6956521739130435,16,7
1210,0.7142857142857143,15,6
1211,0.7692307692307693,20,6
1212,0.7307692307692307,19,7
1213,0.75,18,6
1214,0.72,18,7
1215,0.75,18,6
1216,0.68,17,8
1217,0.625,15,9
1218,0.6,15,10
1219,0.65,13,7
1220,0.6363636363636364,14,8
1221,0.6086956521739131,14,9
1222,0.5769230769230769,15,11
1223,0.5652173913043478,13,10
1224,0.64,16,9
1225,0.56,14,11
1226,0.5652173913043478,13,10
1227,0.5,12,12
1228,0.5769230769230769,15,11
1229,0.6666666666666666,16,8
1230,0.625,15,9
1231,0.6363636363636364,14,8
1232,0.6,12,8
1233,0.6818181818181818,15,7
1234,0.6086956521739131,14,9
1235,0.6363636363636364,14,8
1236,0.5714285714285714,12,9
1237,0.5909090909090909,13,9
1238,0.6363636363636364,14,8
1239,0.6363636363636364,14,8
1240,0.6363636363636364,14,8
1241,0.6666666666666666,16,8
1242,0.625,15,9
1243,0.6,12,8
1244,0.6363636363636364,14,8
1245,0.5833333333333334,14,10
1246,0.5714285714285714,12,9
1247,0.6086956521739131,14,9
1248,0.5833333333333334,14,10
1249,0.625,15,9
1250,0.6538461538461539,17,9
1251,0.64,16,9
1252,0.64,16,9
1253,0.6153846153846154,16,10
1254,0.6,15,10
1255,0.6818181818181818,15,7
1256,0.6363636363636364,14,8
1257,0.6296296296296297,17,10
1258,0.7083333333333334,17,7
1259,0.6363636363636364,14,8
1260,0.6,15,10
1261,0.5652173913043478,13,10
1262,0.5833333333333334,14,10
1263,0.6,15,10
1264,0.6956521739130435,16,7
1265,0.6956521739130435,16,7
1266,0.7083333333333334,17,7
1267,0.7391304347826086,17,6
1268,0.7391304347826086,17,6
1269,0.6521739130434783,15,8
1270,0.6956521739130435,16,7
1271,0.64,16,9
1272,0.6923076923076923,18,8
1273,0.6153846153846154,16,10
1274,0.6071428571428571,17,11
1275,0.6333333333333333,19,11
1276,0.6666666666666666,18,9
1277,0.7037037037037037,19,8
1278,0.6956521739130435,16,7
1279,0.6923076923076923,18,8
1280,0.625,15,9
1281,0.6153846153846154,16,10
1282,0.6521739130434783,15,8
1283,0.6666666666666666,16,8
1284,0.5909090909090909,13,9
1285,0.625,15,9
1286,0.64,16,9
1287,0.6,15,10
1288,0.64,16,9
1289,0.6666666666666666,14,7
1290,0.625,15,9
1291,0.5416666666666666,13,11
1292,0.5833333333333334,14,10
1293,0.5769230769230769,15,11
1294,0.5384615384615384,14,12
1295,0.5769230769230769,15,11
1296,0.5384615384615384,14,12
1297,0.5217391304347826,12,11
1298,0.5652173913043478,13,10
1299,0.5217391304347826,12,11
1300,0.5217391304347826,12,11
1301,0.5416666666666666,13,11
1302,0.5416666666666666,13,11
1303,0.56,14,11
1304,0.5769230769230769,15,11
1305,0.6538461538461539,17,9
1306,0.625,15,9
1307,0.6086956521739131,14,9
1308,0.5416666666666666,13,11
1309,0.56,14,11
1310,0.6190476190476191,13,8
1311,0.56,14,11
1312,0.5416666666666666,13,11
1313,0.5833333333333334,14,10
1314,0.5652173913043478,13,10
1315,0.5833333333333334,14,10
1316,0.625,15,9
1317,0.6,15,10
1318,0.625,15,9
1319,0.6818181818181818,15,7
1320,0.68,17,8
1321,0.6363636363636364,14,8
1322,0.6666666666666666,16,8
1323,0.7142857142857143,15,6
1324,0.7391304347826086,17,6
1325,0.68,17,8
1326,0.7083333333333334,17,7
1327,0.72,18,7
1328,0.6666666666666666,16,8
1329,0.6956521739130435,16,7
1330,0.6956521739130435,16,7
1331,0.6666666666666666,16,8
1332,0.68,17,8
1333,0.6363636363636364,14,8
1334,0.68,17,8
1335,0.6086956521739131,14,9
1336,0.6521739130434783,15,8
1337,0.7083333333333334,17,7
1338,0.7083333333333334,17,7
1339,0.7083333333333334,17,7
1340,0.6956521739130435,16,7
1341,0.6296296296296297,17,10
1342,0.625,15,9
1343,0.6153846153846154,16,10
1344,0.5416666666666666,13,11
1345,0.5652173913043478,13,10
1346,0.6363636363636364,14,8
1347,0.6,15,10
1348,0.5416666666666666,13,11
1349,0.5217391304347826,12,11
1350,0.6,15,10
1351,0.5769230769230769,15,11
1352,0.6153846153846154,16,10
1353,0.6956521739130435,16,7
1354,0.6296296296296297,17,10
1355,0.6153846153846154,16,10
1356,0.7037037037037037,19,8
1357,0.6956521739130435,16,7
1358,0.6086956521739131,14,9
1359,0.6818181818181818,15,7
1360,0.6521739130434783,15,8
1361,0.6666666666666666,16,8
1362,0.64,16,9
1363,0.625,15,9
1364,0.5909090909090909,13,9
1365,0.6363636363636364,14,8
1366,0.64,16,9
1367,0.6190476190476191,13,8
1368,0.6521739130434783,15,8
1369,0.6521739130434783,15,8
1370,0.6521739130434783,15,8
1371,0.6956521739130435,16,7
1372,0.7,14,6
1373,0.6818181818181818,15,7
1374,0.6818181818181818,15,7
1375,0.6842105263157895,13,6
1376,0.7222222222222222,13,5
1377,0.8,16,4
1378,0.7368421052631579,14,5
1379,0.7727272727272727,17,5
1380,0.8333333333333334,15,3
1381,0.8571428571428571,18,3
1382,0.8636363636363636,19,3
1383,0.8571428571428571,18,3
1384,0.8636363636363636,19,3
1385,0.8333333333333334,20,4
1386,0.8,20,5
1387,0.8,20,5
1388,0.75,18,6
1389,0.7727272727272727,17,5
1390,0.7619047619047619,16,5
1391,0.782608695652174,18,5
1392,0.782608695652174,18,5
1393,0.8333333333333334,20,4
1394,0.8260869565217391,19,4
1395,0.8333333333333334,20,4
1396,0.8333333333333334,20,4
1397,0.8,20,5
1398,0.7916666666666666,19,5
1399,0.8695652173913043,20,3
1400,0.8571428571428571,18,3
1401,0.8181818181818182,18,4
1402,0.8571428571428571,18,3
1403,0.8181818181818182,18,4
1404,0.8260869565217391,19,4
1405,0.8260869565217391,19,4
1406,0.875,21,3
1407,0.875,21,3
1408,0.8571428571428571,18,3
1409,0.8461538461538461,22,4
1410,0.9090909090909091,20,2
1411,1.0,19,0
1412,0.8571428571428571,18,3
1413,0.9,18,2
1414,0.9047619047619048,19,2
1415,1.0,20,0
1416,1.0,20,0
1417,0.9545454545454546,21,1
1418,0.9130434782608695,21,2
1419,1.0,20,0
1420,1.0,21,0
1421,0.92,23,2
1422,0.9,18,2
1423,1.0,18,0
1424,1.0,19,0
1425,0.9523809523809523,20,1
1426,0.8333333333333334,20,4
1427,0.875,21,3
1428,0.8846153846153846,23,3
1429,0.8695652173913043,20,3
1430,0.85,17,3
1431,0.8,16,4
1432,0.8695652173913043,20,3
1433,0.7272727272727273,16,6
1434,0.7916666666666666,19,5
1435,0.8571428571428571,18,3
1436,0.8260869565217391,19,4
1437,0.8636363636363636,19,3
1438,0.88,22,3
1439,0.9090909090909091,20,2
1440,0.9047619047619048,19,2
1441,0.9090909090909091,20,2
1442,0.8260869565217391,19,4
1443,0.8181818181818182,18,4
1444,0.8571428571428571,18,3
1445,0.8260869565217391,19,4
1446,0.8181818181818182,18,4
1447,0.8,16,4
1448,0.8181818181818182,18,4
1449,0.8181818181818182,18,4
1450,0.8461538461538461,22,4
1451,0.8260869565217391,19,4
1452,0.8,20,5
1453,0.782608695652174,18,5
1454,0.782608695652174,18,5
1455,0.7727272727272727,17,5
1456,0.7727272727272727,17,5
1457,0.7727272727272727,17,5
1458,0.8260869565217391,19,4
1459,0.782608695652174,18,5
1460,0.782608695652174,18,5
1461,0.8076923076923077,21,5
1462,0.782608695652174,18,5
1463,0.8260869565217391,19,4
1464,0.76,19,6
1465,0.7307692307692307,19,7
1466,0.7083333333333334,17,7
1467,0.6818181818181818,15,7
1468,0.72,18,7
1469,0.72,18,7
1470,0.7307692307692307,19,7
1471,0.68,17,8
1472,0.6923076923076923,18,8
1473,0.6666666666666666,16,8
1474,0.6666666666666666,16,8
1475,0.6428571428571429,18,10
1476,0.7272727272727273,16,6
1477,0.7391304347826086,17,6
1478,0.76,19,6
1479,0.7307692307692307,19,7
1480,0.72,18,7
1481,0.6956521739130435,16,7
1482,0.7272727272727273,16,6
1483,0.6666666666666666,14,7
1484,0.6956521739130435,16,7
1485,0.6666666666666666,16,8
1486,0.6956521739130435,16,7
1487,0.68,17,8
1488,0.6,15,10
1489,0.6666666666666666,16,8
1490,0.6666666666666666,16,8
1491,0.64,16,9
1492,0.6521739130434783,15,8
1493,0.6538461538461539,17,9
1494,0.6086956521739131,14,9
1495,0.64,16,9
1496,0.6818181818181818,15,7
1497,0.6956521739130435,16,7
1498,0.6521739130434783,15,8
1499,0.7083333333333334,17,7
1500,0.7272727272727273,16,6
1501,0.7142857142857143,15,6
1502,0.6666666666666666,14,7
1503,0.72,18,7
1504,0.8,16,4
1505,0.7272727272727273,16,6
1506,0.6956521739130435,16,7
1507,0.7272727272727273,16,6
1508,0.7727272727272727,17,5
1509,0.75,15,5
1510,0.7391304347826086,17,6
1511,0.7083333333333334,17,7
1512,0.7083333333333334,17,7
1513,0.75,18,6
1514,0.7916666666666666,19,5
1515,0.7727272727272727,17,5
1516,0.85,17,3
1517,0.8095238095238095,17,4
1518,0.8181818181818182,18,4
1519,0.7916666666666666,19,5
1520,0.7916666666666666,19,5
1521,0.782608695652174,18,5
1522,0.8095238095238095,17,4
1523,0.8095238095238095,17,4
1524,0.7727272727272727,17,5
1525,0.75,18,6
1526,0.8095238095238095,17,4
1527,0.8,16,4
1528,0.6956521739130435,16,7
1529,0.7142857142857143,15,6
1530,0.7272727272727273,16,6
1531,0.6923076923076923,18,8
1532,0.7272727272727273,16,6
1533,0.7272727272727273,16,6
1534,0.7727272727272727,17,5
1535,0.6923076923076923,18,8
1536,0.72,18,7
1537,0.7083333333333334,17,7
1538,0.7916666666666666,19,5
1539,0.6666666666666666,16,8
1540,0.6818181818181818,15,7
1541,0.7619047619047619,16,5
1542,0.7,14,6
1543,0.7222222222222222,13,5
1544,0.6956521739130435,16,7
1545,0.7272727272727273,16,6
1546,0.6666666666666666,14,7
1547,0.7391304347826086,17,6
1548,0.6666666666666666,16,8
1549,0.7142857142857143,15,6
1550,0.6818181818181818,15,7
1551,0.8095238095238095,17,4
1552,0.7272727272727273,16,6
1553,0.7727272727272727,17,5
1554,0.7894736842105263,15,4
1555,0.7619047619047619,16,5
1556,0.6956521739130435,16,7
1557,0.7142857142857143,15,6
1558,0.6666666666666666,14,7
1559,0.65,13,7
1560,0.6190476190476191,13,8
1561,0.5652173913043478,13,10
1562,0.6363636363636364,14,8
1563,0.6842105263157895,13,6
1564,0.7,14,6
1565,0.6818181818181818,15,7
1566,0.6521739130434783,15,8
1567,0.625,15,9
1568,0.6,15,10
1569,0.6086956521739131,14,9
1570,0.6153846153846154,16,10
1571,0.6666666666666666,16,8
1572,0.6818181818181818,15,7
1573,0.6956521739130435,16,7
1574,0.6666666666666666,14,7
1575,0.5909090909090909,13,9
1576,0.5909090909090909,13,9
1577,0.625,15,9
1578,0.6521739130434783,15,8
1579,0.625,15,9
1580,0.6153846153846154,16,10
1581,0.6153846153846154,16,10
1582,0.6956521739130435,16,7
1583,0.6666666666666666,16,8
1584,0.7272727272727273,16,6
1585,0.7272727272727273,16,6
1586,0.7272727272727273,16,6
1587,0.6153846153846154,16,10
1588,0.5833333333333334,14,10
1589,0.625,15,9
1590,0.5769230769230769,15,11
1591,0.7083333333333334,17,7
1592,0.68,17,8
1593,0.6071428571428571,17,11
1594,0.64,16,9
1595,0.6521739130434783,15,8
1596,0.6363636363636364,14,8
1597,0.7272727272727273,16,6
1598,0.6521739130434783,15,8
1599,0.5454545454545454,12,10
1600,0.5909090909090909,13,9
1601,0.55,11,9
1602,0.5789473684210527,11,8
1603,0.5454545454545454,12,10
1604,0.5909090909090909,13,9
1605,0.5714285714285714,12,9
1606,0.6363636363636364,14,8
1607,0.6666666666666666,14,7
1608,0.6956521739130435,16,7
1609,0.6666666666666666,16,8
1610,0.6818181818181818,15,7
1611,0.6666666666666666,14,7
1612,0.6818181818181818,15,7
1613,0.6956521739130435,16,7
1614,0.76,19,6
1615,0.7272727272727273,16,6
1616,0.7083333333333334,17,7
1617,0.6666666666666666,14,7
1618,0.6296296296296297,17,10
1619,0.5925925925925926,16,11
1620,0.6428571428571429,18,10
1621,0.5925925925925926,16,11
1622,0.6521739130434783,15,8
1623,0.625,15,9
1624,0.6363636363636364,14,8
1625,0.6818181818181818,15,7
1626,0.7142857142857143,15,6
1627,0.6666666666666666,14,7
1628,0.6363636363636364,14,8
1629,0.56,14,11
1630,0.43478260869565216,10,13
1631,0.5909090909090909,13,9
1632,0.56,14,11
1633,0.56,14,11
1634,0.56,14,11
1635,0.56,14,11
1636,0.6086956521739131,14,9
1637,0.5833333333333334,14,10
1638,0.5769230769230769,15,11
1639,0.625,15,9
1640,0.6086956521739131,14,9
1641,0.5769230769230769,15,11
1642,0.5769230769230769,15,11
1643,0.5833333333333334,14,10
1644,0.65,13,7
1645,0.7142857142857143,15,6
1646,0.6818181818181818,15,7
1647,0.64,16,9
1648,0.6153846153846154,16,10
1649,0.5769230769230769,15,11
1650,0.6666666666666666,16,8
1651,0.625,15,9
1652,0.7,14,6
1653,0.6521739130434783,15,8
1654,0.6818181818181818,15,7
1655,0.6666666666666666,16,8
1656,0.6086956521739131,14,9
1657,0.6666666666666666,14,7
1658,0.7083333333333334,17,7
1659,0.6956521739130435,16,7
1660,0.5416666666666666,13,11
1661,0.6,15,10
1662,0.6086956521739131,14,9
1663,0.5652173913043478,13,10
1664,0.625,15,9
1665,0.6521739130434783,15,8
1666,0.5652173913043478,13,10
1667,0.5833333333333334,14,10
1668,0.6363636363636364,14,8
1669,0.625,15,9
1670,0.5416666666666666,13,11
1671,0.5416666666666666,13,11
1672,0.5384615384615384,14,12
1673,0.52,13,12
1674,0.5384615384615384,14,12
1675,0.5555555555555556,15,12
1676,0.44,11,14
1677,0.5217391304347826,12,11
1678,0.46153846153846156,12,14
1679,0.5714285714285714,16,12
1680,0.6153846153846154,16,10
1681,0.56,14,11
1682,0.6,15,10
1683,0.5833333333333334,14,10
1684,0.5416666666666666,13,11
1685,0.5833333333333334,14,10
1686,0.5833333333333334,14,10
1687,0.5833333333333334,14,10
1688,0.5769230769230769,15,11
1689,0.5833333333333334,14,10
1690,0.5909090909090909,13,9
1691,0.6086956521739131,14,9
1692,0.6190476190476191,13,8
1693,0.68,17,8
1694,0.6666666666666666,16,8
1695,0.6153846153846154,16,10
1696,0.6296296296296297,17,10
1697,0.6,15,10
1698,0.6153846153846154,16,10
1699,0.6363636363636364,14,8
1700,0.6,15,10
1701,0.7083333333333334,17,7
1702,0.5714285714285714,16,12
1703,0.5416666666666666,13,11
1704,0.52,13,12
1705,0.5416666666666666,13,11
1706,0.625,15,9
1707,0.56,14,11
1708,0.625,15,9
1709,0.6363636363636364,14,8
1710,0.5925925925925926,16,11
1711,0.6521739130434783,15,8
1712,0.625,15,9
1713,0.6071428571428571,17,11
1714,0.6,15,10
1715,0.5833333333333334,14,10
1716,0.625,15,9
1717,0.5833333333333334,14,10
1718,0.5714285714285714,16,12
1719,0.5833333333333334,14,10
1720,0.5833333333333334,14,10
1721,0.6153846153846154,16,10
1722,0.6521739130434783,15,8
1723,0.5652173913043478,13,10
1724,0.6190476190476191,13,8
1725,0.6,15,10
1726,0.5652173913043478,13,10
1727,0.5454545454545454,12,10
1728,0.5652173913043478,13,10
1729,0.56,14,11
1730,0.52,13,12
1731,0.56,14,11
1732,0.5416666666666666,13,11
1733,0.5238095238095238,11,10
1734,0.5217391304347826,12,11
1735,0.5714285714285714,12,9
1736,0.6,12,8
1737,0.65,13,7
1738,0.5652173913043478,13,10
1739,0.5454545454545454,12,10
1740,0.5833333333333334,14,10
1741,0.5652173913043478,13,10
1742,0.5,14,14
1743,0.5217391304347826,12,11
1744,0.46153846153846156,12,14
1745,0.5,12,12
1746,0.48,12,13
1747,0.48,12,13
1748,0.5416666666666666,13,11
1749,0.5416666666666666,13,11
1750,0.5652173913043478,13,10
1751,0.6190476190476191,13,8
1752,0.65,13,7
1753,0.631578947368421,12,7
1754,0.65,13,7
1755,0.65,13,7
1756,0.5384615384615384,14,12
1757,0.5454545454545454,12,10
1758,0.5714285714285714,12,9
1759,0.4782608695652174,11,12
1760,0.5909090909090909,13,9
1761,0.631578947368421,12,7
1762,0.6086956521739131,14,9
1763,0.6190476190476191,13,8
1764,0.6,12,8
1765,0.6,12,8
1766,0.5833333333333334,14,10
1767,0.6190476190476191,13,8
1768,0.5652173913043478,13,10
1769,0.5833333333333334,14,10
1770,0.5714285714285714,12,9
1771,0.56,14,11
1772,0.6153846153846154,16,10
1773,0.5769230769230769,15,11
1774,0.6296296296296297,17,10
1775,0.75,18,6
1776,0.6956521739130435,16,7
1777,0.625,15,9
1778,0.7391304347826086,17,6
1779,0.7083333333333334,17,7
1780,0.6956521739130435,16,7
1781,0.6956521739130435,16,7
1782,0.7083333333333334,17,7
1783,0.7083333333333334,17,7
1784,0.72,18,7
1785,0.75,18,6
1786,0.72,18,7
1787,0.6521739130434783,15,8
1788,0.6666666666666666,16,8
1789,0.631578947368421,12,7
1790,0.7142857142857143,15,6
1791,0.65,13,7
1792,0.6666666666666666,16,8
1793,0.7272727272727273,16,6
1794,0.7727272727272727,17,5
1795,0.7307692307692307,19,7
1796,0.7727272727272727,17,5
1797,0.7916666666666666,19,5
1798,0.8181818181818182,18,4
1799,0.8181818181818182,18,4
1800,0.7916666666666666,19,5
1801,0.782608695652174,18,5
1802,0.7083333333333334,17,7
1803,0.782608695652174,18,5
1804,0.7894736842105263,15,4
1805,0.8095238095238095,17,4
1806,0.8181818181818182,18,4
1807,0.7619047619047619,16,5
1808,0.75,15,5
1809,0.7272727272727273,16,6
1810,0.76,19,6
1811,0.7619047619047619,16,5
1812,0.7727272727272727,17,5
1813,0.782608695652174,18,5
1814,0.7727272727272727,17,5
1815,0.75,18,6
1816,0.7727272727272727,17,5
1817,0.8260869565217391,19,4
1818,0.8,20,5
1819,0.782608695652174,18,5
1820,0.782608695652174,18,5
1821,0.782608695652174,18,5
1822,0.782608695652174,18,5
1823,0.7916666666666666,19,5
1824,0.7083333333333334,17,7
1825,0.6666666666666666,14,7
1826,0.7391304347826086,17,6
1827,0.782608695652174,18,5
1828,0.6923076923076923,18,8
1829,0.7272727272727273,16,6
1830,0.6363636363636364,14,8
1831,0.6956521739130435,16,7
1832,0.5925925925925926,16,11
1833,0.625,15,9
1834,0.625,15,9
1835,0.5555555555555556,15,12
1836,0.5925925925925926,16,11
1837,0.5416666666666666,13,11
1838,0.5833333333333334,14,10
1839,0.5833333333333334,14,10
1840,0.625,15,9
1841,0.5833333333333334,14,10
1842,0.5925925925925926,16,11
1843,0.56,14,11
1844,0.56,14,11
1845,0.52,13,12
1846,0.5,13,13
1847,0.5555555555555556,15,12
1848,0.56,14,11
1849,0.5555555555555556,15,12
1850,0.5652173913043478,13,10
1851,0.5416666666666666,13,11
1852,0.5185185185185185,14,13
1853,0.5,13,13
1854,0.5,12,12
1855,0.56,14,11
1856,0.56,14,11
1857,0.5652173913043478,13,10
1858,0.5833333333333334,14,10
1859,0.6666666666666666,16,8
1860,0.6521739130434783,15,8
1861,0.5833333333333334,14,10
1862,0.6521739130434783,15,8
1863,0.6296296296296297,17,10
1864,0.6296296296296297,17,10
1865,0.6296296296296297,17,10
1866,0.5769230769230769,15,11
1867,0.6,15,10
1868,0.6086956521739131,14,9
1869,0.6153846153846154,16,10
1870,0.64,16,9
1871,0.6086956521739131,14,9
1872,0.6,15,10
1873,0.6,15,10
1874,0.625,15,9
1875,0.6,15,10
1876,0.5652173913043478,13,10
1877,0.6363636363636364,14,8
1878,0.56,14,11
1879,0.56,14,11
1880,0.5416666666666666,13,11
1881,0.56,14,11
1882,0.46153846153846156,12,14
1883,0.5,12,12
1884,0.43478260869565216,10,13
1885,0.42857142857142855,9,12
1886,0.4583333333333333,11,13
1887,0.4166666666666667,10,14
1888,0.4583333333333333,11,13
1889,0.48148148148148145,13,14
1890,0.5217391304347826,12,11
1891,0.5833333333333334,14,10
1892,0.5416666666666666,13,11
1893,0.6,15,10
1894,0.5769230769230769,15,11
1895,0.5833333333333334,14,10
1896,0.55,11,9
1897,0.5,12,12
1898,0.48,12,13
1899,0.5185185185185185,14,13
1900,0.43478260869565216,10,13
1901,0.5238095238095238,11,10
1902,0.5384615384615384,14,12
1903,0.5652173913043478,13,10
1904,0.52,13,12
1905,0.7083333333333334,17,7
1906,0.72,18,7
1907,0.75,15,5
1908,0.7272727272727273,16,6
1909,0.7083333333333334,17,7
1910,0.8571428571428571,18,3
1911,0.7391304347826086,17,6
1912,0.6956521739130435,16,7
1913,0.7083333333333334,17,7
1914,0.7391304347826086,17,6
1915,0.7727272727272727,17,5
1916,0.8,16,4
1917,0.8,16,4
1918,0.8333333333333334,20,4
1919,0.75,18,6
1920,0.8181818181818182,18,4
1921,0.8095238095238095,17,4
1922,0.8181818181818182,18,4
1923,0.7727272727272727,17,5
1924,0.76,19,6
1925,0.7307692307692307,19,7
1926,0.7,14,6
1927,0.6666666666666666,14,7
1928,0.7142857142857143,15,6
1929,0.6521739130434783,15,8
1930,0.6538461538461539,17,9
1931,0.64,16,9
1932,0.6666666666666666,16,8
1933,0.6521739130434783,15,8
1934,0.6363636363636364,14,8
1935,0.6,15,10
1936,0.6153846153846154,16,10
1937,0.5652173913043478,13,10
1938,0.5833333333333334,14,10
1939,0.5416666666666666,13,11
1940,0.5652173913043478,13,10
1941,0.6086956521739131,14,9
1942,0.5652173913043478,13,10
1943,0.5833333333333334,14,10
1944,0.5909090909090909,13,9
1945,0.5454545454545454,12,10
1946,0.5714285714285714,12,9
1947,0.625,15,9
1948,0.5652173913043478,13,10
1949,0.6,15,10
1950,0.6521739130434783,15,8
1951,0.625,15,9
1952,0.6363636363636364,14,8
1953,0.6521739130434783,15,8
1954,0.625,15,9
1955,0.65,13,7
1956,0.6818181818181818,15,7
1957,0.64,16,9
1958,0.7307692307692307,19,7
1959,0.6818181818181818,15,7
1960,0.6842105263157895,13,6
1961,0.6666666666666666,14,7
1962,0.7142857142857143,15,6
1963,0.6363636363636364,14,8
1964,0.6538461538461539,17,9
1965,0.6153846153846154,16,10
1966,0.64,16,9
1967,0.6923076923076923,18,8
1968,0.7407407407407407,20,7
1969,0.6956521739130435,16,7
1970,0.7391304347826086,17,6
1971,0.75,18,6
1972,0.8333333333333334,20,4
1973,0.8695652173913043,20,3
1974,0.8695652173913043,20,3
1975,0.84,21,4
1976,0.8333333333333334,20,4
1977,0.8333333333333334,20,4
1978,0.8260869565217391,19,4
1979,0.782608695652174,18,5
1980,0.8461538461538461,22,4
1981,0.8333333333333334,20,4
1982,0.8,20,5
1983,0.8260869565217391,19,4
1984,0.8333333333333334,20,4
1985,0.8333333333333334,20,4
1986,0.8181818181818182,18,4
1987,0.7916666666666666,19,5
1988,0.8,20,5
1989,0.782608695652174,18,5
1990,0.8,20,5
1991,0.84,21,4
1992,0.8636363636363636,19,3
1993,0.8333333333333334,20,4
1994,0.8461538461538461,22,4
1995,0.8461538461538461,22,4
1996,0.8181818181818182,18,4
1997,0.782608695652174,18,5
1998,0.7391304347826086,17,6
1999,0.782608695652174,18,5
