z,rho_benzene,rho_ethanol,rho_copper,n_benzene,n_ethanol
0.125000,0.000000,0.000000,37.987422,0.000000,0.000000
0.375000,0.000000,0.000000,0.000000,0.000000,0.000000
0.625000,0.000000,0.000000,0.000000,0.000000,0.000000
0.875000,0.000000,0.000000,0.000000,0.000000,0.000000
1.125000,0.000000,0.000000,0.000000,0.000000,0.000000
1.375000,0.000000,0.000000,0.000000,0.000000,0.000000
1.625000,0.000000,0.000000,0.000000,0.000000,0.000000
1.875000,0.000000,0.000000,30.014753,0.000000,0.000000
2.125000,0.000000,0.000000,0.000000,0.000000,0.000000
2.375000,0.000000,0.000000,0.000000,0.000000,0.000000
2.625000,0.000000,0.000000,0.000000,0.000000,0.000000
2.875000,0.000000,0.000000,0.000000,0.000000,0.000000
3.125000,0.000000,0.000000,0.000000,0.000000,0.000000
3.375000,0.000000,0.000000,0.000000,0.000000,0.000000
3.625000,0.000000,0.000000,37.987422,0.000000,0.000000
3.875000,0.000000,0.000000,0.000000,0.000000,0.000000
4.125000,0.000000,0.000000,0.000000,0.000000,0.000000
4.375000,0.000000,0.000000,0.000000,0.000000,0.000000
4.625000,0.000000,0.000000,0.000000,0.000000,0.000000
4.875000,0.000000,0.000000,0.000000,0.000000,0.000000
5.125000,0.000000,0.000000,0.000000,0.000000,0.000000
5.375000,0.000000,0.000000,30.014753,0.000000,0.000000
5.625000,0.000000,0.000000,0.000000,0.000000,0.000000
5.875000,0.000000,0.000000,0.000000,0.000000,0.000000
6.125000,0.000000,0.000000,0.000000,0.000000,0.000000
6.375000,0.000000,0.000000,0.000000,0.000000,0.000000
6.625000,0.000000,0.000000,0.000000,0.000000,0.000000
6.875000,0.000000,0.000000,0.000000,0.000000,0.000000
7.125000,0.000000,0.000000,37.987422,0.000000,0.000000
7.375000,0.000000,0.000004,0.000000,0.000000,0.000000
7.625000,0.000004,0.000022,0.000000,0.000000,0.000000
7.875000,0.000041,0.000063,0.000000,0.000000,0.000000
8.125000,0.000205,0.000215,0.000000,0.000000,0.000000
8.375000,0.000997,0.000472,0.000000,0.000000,0.000000
8.625000,0.002733,0.001471,0.000000,0.000000,0.000000
8.875000,0.009413,0.003356,0.000000,0.000000,0.000000
9.125000,0.029998,0.007745,0.000000,0.000000,0.000004
9.375000,0.082048,0.016885,0.000000,0.000002,0.000009
9.625000,0.173347,0.030218,0.000000,0.000040,0.000040
9.875000,0.279220,0.055456,0.000000,0.000262,0.000149
10.125000,0.388274,0.076323,0.000000,0.001176,0.000413
10.375000,0.478585,0.096315,0.000000,0.002480,0.000978
10.625000,0.531718,0.113498,0.000000,0.004327,0.001558
10.875000,0.584000,0.130560,0.000000,0.006300,0.002169
11.125000,0.616654,0.148254,0.000000,0.007067,0.002647
11.375000,0.645684,0.162252,0.000000,0.007362,0.002691
11.625000,0.668354,0.177630,0.000000,0.006560,0.002796
11.875000,0.687771,0.188404,0.000000,0.006222,0.002718
12.125000,0.691142,0.194642,0.000000,0.005669,0.002524
12.375000,0.678490,0.196269,0.000000,0.005127,0.002529
12.625000,0.657671,0.195762,0.000000,0.004713,0.002562
12.875000,0.619972,0.202499,0.000000,0.004658,0.002551
13.125000,0.592981,0.203860,0.000000,0.004322,0.002427
13.375000,0.566555,0.203326,0.000000,0.004051,0.002500
13.625000,0.541076,0.219634,0.000000,0.003767,0.002649
13.875000,0.542720,0.234610,0.000000,0.003862,0.002804
14.125000,0.533993,0.244638,0.000000,0.003827,0.002960
14.375000,0.533293,0.251277,0.000000,0.003920,0.003351
14.625000,0.560871,0.264039,0.000000,0.003876,0.003587
14.875000,0.558239,0.282302,0.000000,0.004153,0.003860
15.125000,0.570225,0.289067,0.000000,0.004296,0.003776
15.375000,0.594013,0.298536,0.000000,0.004593,0.004031
15.625000,0.609606,0.297439,0.000000,0.004644,0.004193
15.875000,0.610960,0.304159,0.000000,0.004764,0.004113
16.125000,0.607236,0.293924,0.000000,0.005151,0.004058
16.375000,0.613779,0.297701,0.000000,0.005167,0.003920
16.625000,0.608832,0.290825,0.000000,0.005027,0.003793
16.875000,0.610945,0.289237,0.000000,0.005009,0.003671
17.125000,0.602050,0.279708,0.000000,0.004664,0.003922
17.375000,0.594310,0.271548,0.000000,0.004529,0.003547
17.625000,0.579380,0.275415,0.000000,0.004444,0.003389
17.875000,0.583788,0.263403,0.000000,0.004229,0.003407
18.125000,0.573284,0.264313,0.000000,0.004140,0.003420
18.375000,0.575507,0.265627,0.000000,0.004380,0.003251
18.625000,0.578679,0.262298,0.000000,0.004307,0.003260
18.875000,0.590435,0.259681,0.000000,0.004180,0.003431
19.125000,0.590592,0.260701,0.000000,0.004573,0.003491
19.375000,0.593464,0.266373,0.000000,0.004531,0.003620
19.625000,0.608456,0.264614,0.000000,0.004756,0.003516
19.875000,0.614769,0.267792,0.000000,0.004813,0.003464
20.125000,0.613998,0.269806,0.000000,0.004978,0.003600
20.375000,0.613145,0.267515,0.000000,0.004998,0.003324
20.625000,0.619706,0.270597,0.000000,0.004787,0.003409
20.875000,0.610622,0.261152,0.000000,0.004700,0.003542
21.125000,0.605373,0.269920,0.000000,0.004789,0.003511
21.375000,0.595883,0.270075,0.000000,0.004642,0.003520
21.625000,0.588843,0.278606,0.000000,0.004704,0.003542
21.875000,0.579692,0.278082,0.000000,0.004502,0.003591
22.125000,0.565097,0.291500,0.000000,0.004484,0.003771
22.375000,0.564342,0.288196,0.000000,0.004156,0.003864
22.625000,0.551735,0.287627,0.000000,0.003996,0.003738
22.875000,0.559683,0.300229,0.000000,0.004336,0.003880
23.125000,0.556557,0.303070,0.000000,0.004040,0.004049
23.375000,0.545582,0.306585,0.000000,0.004269,0.003967
23.625000,0.542948,0.312831,0.000000,0.004224,0.004022
23.875000,0.542855,0.315455,0.000000,0.004076,0.004009
24.125000,0.544181,0.324618,0.000000,0.004311,0.004331
24.375000,0.536083,0.326652,0.000000,0.004216,0.004278
24.625000,0.532781,0.330201,0.000000,0.004220,0.004398
24.875000,0.532511,0.340382,0.000000,0.004022,0.004327
25.125000,0.537577,0.337889,0.000000,0.004276,0.004496
25.375000,0.519642,0.351659,0.000000,0.004009,0.004556
25.625000,0.511840,0.351672,0.000000,0.004071,0.004633
25.875000,0.506087,0.348848,0.000000,0.003716,0.004776
26.125000,0.499311,0.353526,0.000000,0.003793,0.004842
26.375000,0.494234,0.362588,0.000000,0.003836,0.004504
26.625000,0.481409,0.370391,0.000000,0.003733,0.004869
26.875000,0.474197,0.370665,0.000000,0.003847,0.004782
27.125000,0.472848,0.376568,0.000000,0.003676,0.004682
27.375000,0.464030,0.378732,0.000000,0.003564,0.004971
27.625000,0.457496,0.385998,0.000000,0.003584,0.005022
27.875000,0.450791,0.384513,0.000000,0.003327,0.005018
28.125000,0.439499,0.401906,0.000000,0.003336,0.005260
28.375000,0.425653,0.400326,0.000000,0.003280,0.005180
28.625000,0.437579,0.415034,0.000000,0.003240,0.005300
28.875000,0.421611,0.406505,0.000000,0.003258,0.005560
29.125000,0.419718,0.426174,0.000000,0.003122,0.005480
29.375000,0.410874,0.431973,0.000000,0.003131,0.005747
29.625000,0.409557,0.425301,0.000000,0.002887,0.005678
29.875000,0.406837,0.426738,0.000000,0.003311,0.005658
30.125000,0.407922,0.446042,0.000000,0.003180,0.005656
30.375000,0.400726,0.437823,0.000000,0.003156,0.005749
30.625000,0.398882,0.443957,0.000000,0.003044,0.005784
30.875000,0.396241,0.444412,0.000000,0.003138,0.005891
31.125000,0.394207,0.445970,0.000000,0.003120,0.005920
31.375000,0.395506,0.449042,0.000000,0.003200,0.006102
31.625000,0.392048,0.465661,0.000000,0.003016,0.005873
31.875000,0.383568,0.452205,0.000000,0.002940,0.006073
32.125000,0.385802,0.448314,0.000000,0.002927,0.005940
32.375000,0.391272,0.448280,0.000000,0.002869,0.006176
32.625000,0.389365,0.439640,0.000000,0.002773,0.005882
32.875000,0.380397,0.431716,0.000000,0.002716,0.005564
33.125000,0.380450,0.425178,0.000000,0.002838,0.005507
33.375000,0.387444,0.413504,0.000000,0.003002,0.005378
33.625000,0.402752,0.387123,0.000000,0.003027,0.005067
33.875000,0.402691,0.381409,0.000000,0.003102,0.004798
34.125000,0.403879,0.360375,0.000000,0.003202,0.004929
34.375000,0.412778,0.350523,0.000000,0.003327,0.004551
34.625000,0.432023,0.333954,0.000000,0.003196,0.004273
34.875000,0.434056,0.317723,0.000000,0.003311,0.004136
35.125000,0.441868,0.308395,0.000000,0.003553,0.004078
35.375000,0.439294,0.290127,0.000000,0.003558,0.003767
35.625000,0.440877,0.282989,0.000000,0.003478,0.003738
35.875000,0.451936,0.264951,0.000000,0.003711,0.003509
36.125000,0.441454,0.243086,0.000000,0.003673,0.003371
36.375000,0.420191,0.223039,0.000000,0.003580,0.003156
36.625000,0.388958,0.199278,0.000000,0.003471,0.003076
36.875000,0.357494,0.179358,0.000000,0.003584,0.002776
37.125000,0.330486,0.160198,0.000000,0.003429,0.002591
37.375000,0.297495,0.128351,0.000000,0.002856,0.001800
37.625000,0.247528,0.102840,0.000000,0.001742,0.001049
37.875000,0.205558,0.085142,0.000000,0.000887,0.000602
38.125000,0.166544,0.068308,0.000000,0.000338,0.000200
38.375000,0.118605,0.043941,0.000000,0.000098,0.000042
38.625000,0.064206,0.018558,0.000000,0.000013,0.000007
38.875000,0.033416,0.007494,0.000000,0.000004,0.000000
39.125000,0.017671,0.004782,0.000000,0.000002,0.000000
39.375000,0.005132,0.001565,0.000000,0.000000,0.000000
39.625000,0.000000,0.000000,0.000000,0.000000,0.000000
39.875000,0.000000,0.000000,0.000000,0.000000,0.000000
40.125000,0.000000,0.000000,0.000000,0.000000,0.000000
40.375000,0.000000,0.000000,0.000000,0.000000,0.000000
40.625000,0.000000,0.000000,0.000000,0.000000,0.000000
40.875000,0.000000,0.000000,0.000000,0.000000,0.000000
41.125000,0.000000,0.000000,0.000000,0.000000,0.000000
41.375000,0.000000,0.000000,0.000000,0.000000,0.000000
41.625000,0.000000,0.000000,0.000000,0.000000,0.000000
41.875000,0.000000,0.000000,0.000000,0.000000,0.000000
